{
  "version": "1.0",
  "locale": {
    "timezone": "UTC",
    "currency": "NOK"
  },
  "time": {
    "clock": {
      "mode": "SYSTEM_UTC"
    }
  },
  "payroll": {
    "payPeriod": "YEARLY_SALARY",
    "raiseModel": "COMPOUND_ANNUAL",
    "raiseAnniversary": {
      "basis": "JOB_START_DATE",
      "useUTC": true
    },
    "rounding": {
      "salary": {
        "mode": "NEAREST_INT"
      }
    }
  },
  "metrics": {
    "monthlyRevenue": {
      "source": "FIXED",
      "fixedValue": 182000
    }
  },
  "importStatus": {
    "source": "SIMULATED",
    "simulated": {
      "minutesAgo": 15,
      "accepted": 128,
      "duplicates": 4,
      "rejected": 2
    }
  }
}
